--
-- Database: `fotocopy`
--

-- --------------------------------------------------------

--
-- Struktur dari tabel `tbl_barang`
--

CREATE TABLE `tbl_barang` (
  `barang_id` varchar(15) NOT NULL,
  `barang_nama` varchar(150) DEFAULT NULL,
  `barang_satuan` varchar(30) DEFAULT NULL,
  `barang_harjul` double DEFAULT NULL,
  `barang_stok` int(11) DEFAULT '0',
  `barang_min_stok` int(11) DEFAULT '0',
  `barang_tgl_input` timestamp NULL DEFAULT CURRENT_TIMESTAMP,
  `barang_tgl_last_update` datetime DEFAULT NULL,
  `barang_kategori_id` int(11) DEFAULT NULL,
  `barang_user_id` int(11) DEFAULT NULL
) ENGINE=InnoDB DEFAULT CHARSET=latin1;

--
-- Dumping data untuk tabel `tbl_barang`
--

INSERT INTO `tbl_barang` (`barang_id`, `barang_nama`, `barang_satuan`, `barang_harjul`, `barang_stok`, `barang_min_stok`, `barang_tgl_input`, `barang_tgl_last_update`, `barang_kategori_id`, `barang_user_id`) VALUES
('BR000001', 'pulpen', 'Per pack', 2000, 4, 1, '2021-01-18 07:56:11', '2021-01-20 11:21:38', 40, 1),
('BR000002', 'lem', 'Per pack', 10000, 5, 1, '2021-01-20 04:17:09', '2021-01-20 11:21:30', 48, 1),
('BR000003', 'nota', 'Per Unit', 5000, 4, 1, '2021-01-20 04:19:26', NULL, 42, 1);

-- --------------------------------------------------------

--
-- Struktur dari tabel `tbl_beli`
--

CREATE TABLE `tbl_beli` (
  `beli_nofak` varchar(15) DEFAULT NULL,
  `beli_tanggal` date DEFAULT NULL,
  `beli_suplier_id` int(11) DEFAULT NULL,
  `beli_user_id` int(11) DEFAULT NULL,
  `beli_kode` varchar(15) NOT NULL
) ENGINE=InnoDB DEFAULT CHARSET=latin1;

--
-- Dumping data untuk tabel `tbl_beli`
--

INSERT INTO `tbl_beli` (`beli_nofak`, `beli_tanggal`, `beli_suplier_id`, `beli_user_id`, `beli_kode`) VALUES
('180121000003', '2020-12-31', 1, 1, 'BL180121000001');

-- --------------------------------------------------------

--
-- Struktur dari tabel `tbl_detail_beli`
--

CREATE TABLE `tbl_detail_beli` (
  `d_beli_id` int(11) NOT NULL,
  `d_beli_nofak` varchar(15) DEFAULT NULL,
  `d_beli_barang_id` varchar(15) DEFAULT NULL,
  `d_beli_harga` double DEFAULT NULL,
  `d_beli_jumlah` int(11) DEFAULT NULL,
  `d_beli_total` double DEFAULT NULL,
  `d_beli_kode` varchar(15) DEFAULT NULL
) ENGINE=InnoDB DEFAULT CHARSET=latin1;

-- --------------------------------------------------------

--
-- Struktur dari tabel `tbl_detail_jual`
--

CREATE TABLE `tbl_detail_jual` (
  `d_jual_id` int(11) NOT NULL,
  `d_jual_nofak` varchar(15) DEFAULT NULL,
  `d_jual_barang_id` varchar(15) DEFAULT NULL,
  `d_jual_barang_nama` varchar(150) DEFAULT NULL,
  `d_jual_barang_satuan` varchar(30) DEFAULT NULL,
  `d_jual_barang_harjul` double DEFAULT NULL,
  `d_jual_qty` int(11) DEFAULT NULL,
  `d_jual_diskon` double DEFAULT NULL,
  `d_jual_total` double DEFAULT NULL
) ENGINE=InnoDB DEFAULT CHARSET=latin1;

--
-- Dumping data untuk tabel `tbl_detail_jual`
--

INSERT INTO `tbl_detail_jual` (`d_jual_id`, `d_jual_nofak`, `d_jual_barang_id`, `d_jual_barang_nama`, `d_jual_barang_satuan`, `d_jual_barang_harjul`, `d_jual_qty`, `d_jual_diskon`, `d_jual_total`) VALUES
(26, '180121000002', 'BR000001', 'pulpen', 'Per Unit', 2000, 1, 0, 2000),
(27, '180121000003', 'BR000001', 'pulpen', 'Per Unit', 2000, 1, 0, 2000),
(28, '180121000004', 'BR000001', 'pulpen', 'Per Unit', 2000, 1, 0, 2000),
(29, '180121000005', 'BR000001', 'pulpen', 'Per Unit', 2000, 1, 0, 2000),
(30, '180121000006', 'BR000001', 'pulpen', 'Per Unit', 2000, 1, 0, 2000),
(31, '200121000001', 'BR000001', 'pulpen', 'Per pack', 2000, 1, 0, 2000),
(32, '200121000002', 'BR000001', 'pulpen', 'Per pack', 2000, 1, 0, 2000),
(33, '200121000003', 'BR000002', 'lem', 'Per pack', 10000, 1, 0, 10000),
(34, '200121000004', 'BR000002', 'lem', 'Per pack', 10000, 1, 0, 10000);

-- --------------------------------------------------------

--
-- Struktur dari tabel `tbl_jual`
--

CREATE TABLE `tbl_jual` (
  `jual_nofak` varchar(15) NOT NULL,
  `jual_tanggal` timestamp NULL DEFAULT CURRENT_TIMESTAMP,
  `jual_total` double DEFAULT NULL,
  `jual_jml_uang` double DEFAULT NULL,
  `jual_kembalian` double DEFAULT NULL,
  `jual_user_id` int(11) DEFAULT NULL,
  `jual_keterangan` varchar(20) DEFAULT NULL
) ENGINE=InnoDB DEFAULT CHARSET=latin1;

--
-- Dumping data untuk tabel `tbl_jual`
--

INSERT INTO `tbl_jual` (`jual_nofak`, `jual_tanggal`, `jual_total`, `jual_jml_uang`, `jual_kembalian`, `jual_user_id`, `jual_keterangan`) VALUES
('180121000001', '2021-01-18 07:56:47', 2000, 5000, 3000, 1, 'eceran'),
('180121000002', '2021-01-18 07:59:02', 2000, 5000, 3000, 1, 'eceran'),
('180121000003', '2021-01-18 07:59:20', 2000, 2000, 0, 1, 'eceran'),
('180121000004', '2021-01-18 08:42:50', 2000, 2000, 0, 1, 'eceran'),
('180121000005', '2021-01-18 09:10:57', 2000, 5000, 3000, 2, 'eceran'),
('180121000006', '2021-01-18 09:48:18', 2000, 5000, 3000, 2, 'eceran'),
('200121000001', '2021-01-20 03:45:25', 2000, 5000, 3000, 1, 'eceran'),
('200121000002', '2021-01-20 03:49:55', 2000, 5000, 3000, 1, 'eceran'),
('200121000003', '2021-01-20 04:20:11', 10000, 50000, 40000, 1, 'eceran'),
('200121000004', '2021-01-20 04:21:08', 10000, 12000, 2000, 1, 'eceran');

-- --------------------------------------------------------

--
-- Struktur dari tabel `tbl_kategori`
--

CREATE TABLE `tbl_kategori` (
  `kategori_id` int(11) NOT NULL,
  `kategori_nama` varchar(35) DEFAULT NULL
) ENGINE=InnoDB DEFAULT CHARSET=latin1;

--
-- Dumping data untuk tabel `tbl_kategori`
--

INSERT INTO `tbl_kategori` (`kategori_id`, `kategori_nama`) VALUES
(40, 'Alat Tulis'),
(41, 'Amplop'),
(42, 'Nota kontan'),
(43, 'corrections tape'),
(44, 'Map Bussines'),
(45, 'Batrai'),
(46, 'lakban '),
(47, 'Pos It'),
(48, 'Lem Glue');

-- --------------------------------------------------------

--
-- Struktur dari tabel `tbl_suplier`
--

CREATE TABLE `tbl_suplier` (
  `suplier_id` int(11) NOT NULL,
  `suplier_nama` varchar(35) DEFAULT NULL,
  `suplier_alamat` varchar(60) DEFAULT NULL,
  `suplier_notelp` varchar(20) DEFAULT NULL
) ENGINE=InnoDB DEFAULT CHARSET=latin1;

--
-- Dumping data untuk tabel `tbl_suplier`
--

INSERT INTO `tbl_suplier` (`suplier_id`, `suplier_nama`, `suplier_alamat`, `suplier_notelp`) VALUES
(1, 'Tiara', 'Dukuh, Jakarta Timur', '0812109572'),
(2, 'Trias', 'Dukuh, Jakarta Timur', '0812378324');

-- --------------------------------------------------------

--
-- Struktur dari tabel `tbl_user`
--

CREATE TABLE `tbl_user` (
  `user_id` int(11) NOT NULL,
  `user_nama` varchar(35) DEFAULT NULL,
  `user_username` varchar(30) DEFAULT NULL,
  `user_password` varchar(35) DEFAULT NULL,
  `user_level` varchar(2) DEFAULT NULL,
  `user_status` varchar(2) DEFAULT '1'
) ENGINE=InnoDB DEFAULT CHARSET=latin1;

--
-- Dumping data untuk tabel `tbl_user`
--

INSERT INTO `tbl_user` (`user_id`, `user_nama`, `user_username`, `user_password`, `user_level`, `user_status`) VALUES
(1, 'Trias Zaen Mutaqin', 'admin', '21232f297a57a5a743894a0e4a801fc3', '1', '1'),
(2, 'Alfan Fauzan', 'kasir', 'c7911af3adbd12a035b289556d96470a', '2', '1');

--
-- Indexes for dumped tables
--

--
-- Indexes for table `tbl_barang`
--
ALTER TABLE `tbl_barang`
  ADD PRIMARY KEY (`barang_id`),
  ADD KEY `barang_user_id` (`barang_user_id`),
  ADD KEY `barang_kategori_id` (`barang_kategori_id`);

--
-- Indexes for table `tbl_beli`
--
ALTER TABLE `tbl_beli`
  ADD PRIMARY KEY (`beli_kode`),
  ADD KEY `beli_user_id` (`beli_user_id`),
  ADD KEY `beli_suplier_id` (`beli_suplier_id`),
  ADD KEY `beli_id` (`beli_kode`);

--
-- Indexes for table `tbl_detail_beli`
--
ALTER TABLE `tbl_detail_beli`
  ADD PRIMARY KEY (`d_beli_id`),
  ADD KEY `d_beli_barang_id` (`d_beli_barang_id`),
  ADD KEY `d_beli_nofak` (`d_beli_nofak`),
  ADD KEY `d_beli_kode` (`d_beli_kode`);

--
-- Indexes for table `tbl_detail_jual`
--
ALTER TABLE `tbl_detail_jual`
  ADD PRIMARY KEY (`d_jual_id`),
  ADD KEY `d_jual_barang_id` (`d_jual_barang_id`),
  ADD KEY `d_jual_nofak` (`d_jual_nofak`);

--
-- Indexes for table `tbl_jual`
--
ALTER TABLE `tbl_jual`
  ADD PRIMARY KEY (`jual_nofak`),
  ADD KEY `jual_user_id` (`jual_user_id`);

--
-- Indexes for table `tbl_kategori`
--
ALTER TABLE `tbl_kategori`
  ADD PRIMARY KEY (`kategori_id`);

--
-- Indexes for table `tbl_suplier`
--
ALTER TABLE `tbl_suplier`
  ADD PRIMARY KEY (`suplier_id`);

--
-- Indexes for table `tbl_user`
--
ALTER TABLE `tbl_user`
  ADD PRIMARY KEY (`user_id`);

--
-- AUTO_INCREMENT for dumped tables
--

--
-- AUTO_INCREMENT for table `tbl_detail_beli`
--
ALTER TABLE `tbl_detail_beli`
  MODIFY `d_beli_id` int(11) NOT NULL AUTO_INCREMENT;
--
-- AUTO_INCREMENT for table `tbl_detail_jual`
--
ALTER TABLE `tbl_detail_jual`
  MODIFY `d_jual_id` int(11) NOT NULL AUTO_INCREMENT, AUTO_INCREMENT=35;
--
-- AUTO_INCREMENT for table `tbl_kategori`
--
ALTER TABLE `tbl_kategori`
  MODIFY `kategori_id` int(11) NOT NULL AUTO_INCREMENT, AUTO_INCREMENT=49;
--
-- AUTO_INCREMENT for table `tbl_suplier`
--
ALTER TABLE `tbl_suplier`
  MODIFY `suplier_id` int(11) NOT NULL AUTO_INCREMENT, AUTO_INCREMENT=3;
--
-- AUTO_INCREMENT for table `tbl_user`
--
ALTER TABLE `tbl_user`
  MODIFY `user_id` int(11) NOT NULL AUTO_INCREMENT, AUTO_INCREMENT=3;
--
-- Ketidakleluasaan untuk tabel pelimpahan (Dumped Tables)
--

--
-- Ketidakleluasaan untuk tabel `tbl_barang`
--
ALTER TABLE `tbl_barang`
  ADD CONSTRAINT `tbl_barang_ibfk_1` FOREIGN KEY (`barang_user_id`) REFERENCES `tbl_user` (`user_id`) ON UPDATE CASCADE,
  ADD CONSTRAINT `tbl_barang_ibfk_2` FOREIGN KEY (`barang_kategori_id`) REFERENCES `tbl_kategori` (`kategori_id`) ON UPDATE CASCADE;

--
-- Ketidakleluasaan untuk tabel `tbl_beli`
--
ALTER TABLE `tbl_beli`
  ADD CONSTRAINT `tbl_beli_ibfk_1` FOREIGN KEY (`beli_user_id`) REFERENCES `tbl_user` (`user_id`) ON UPDATE CASCADE,
  ADD CONSTRAINT `tbl_beli_ibfk_2` FOREIGN KEY (`beli_suplier_id`) REFERENCES `tbl_suplier` (`suplier_id`) ON UPDATE CASCADE;

--
-- Ketidakleluasaan untuk tabel `tbl_detail_beli`
--
ALTER TABLE `tbl_detail_beli`
  ADD CONSTRAINT `tbl_detail_beli_ibfk_1` FOREIGN KEY (`d_beli_barang_id`) REFERENCES `tbl_barang` (`barang_id`) ON UPDATE CASCADE,
  ADD CONSTRAINT `tbl_detail_beli_ibfk_2` FOREIGN KEY (`d_beli_kode`) REFERENCES `tbl_beli` (`beli_kode`) ON UPDATE CASCADE;

--
-- Ketidakleluasaan untuk tabel `tbl_detail_jual`
--
ALTER TABLE `tbl_detail_jual`
  ADD CONSTRAINT `tbl_detail_jual_ibfk_1` FOREIGN KEY (`d_jual_barang_id`) REFERENCES `tbl_barang` (`barang_id`) ON UPDATE CASCADE,
  ADD CONSTRAINT `tbl_detail_jual_ibfk_2` FOREIGN KEY (`d_jual_nofak`) REFERENCES `tbl_jual` (`jual_nofak`) ON UPDATE CASCADE;

--
-- Ketidakleluasaan untuk tabel `tbl_jual`
--
ALTER TABLE `tbl_jual`
  ADD CONSTRAINT `tbl_jual_ibfk_1` FOREIGN KEY (`jual_user_id`) REFERENCES `tbl_user` (`user_id`) ON UPDATE CASCADE;

/*!40101 SET CHARACTER_SET_CLIENT=@OLD_CHARACTER_SET_CLIENT */;
/*!40101 SET CHARACTER_SET_RESULTS=@OLD_CHARACTER_SET_RESULTS */;
/*!40101 SET COLLATION_CONNECTION=@OLD_COLLATION_CONNECTION */;
